{"cameraMode":{"drawMode":0,"name":"Shaded","section":"Shading Mode"},"sceneLighting":false,"audioPlay":false,"sceneViewState":{"showFog":true,"showMaterialUpdate":true,"showSkybox":false,"showFlares":true,"showImageEffects":true,"showParticleSystems":true},"in2DMode":false,"pivot":{"x":-18.58485984802246,"y":-0.7875081300735474,"z":8.225605964660645},"rotation":{"x":0.25005775690078738,"y":0.08783087879419327,"z":-0.022811613976955415,"w":0.964016318321228},"size":5.195594787597656,"orthographic":false}