{"cameraMode":{"drawMode":0,"name":"Shaded","section":"Shading Mode"},"sceneLighting":false,"audioPlay":false,"sceneViewState":{"showFog":true,"showMaterialUpdate":true,"showSkybox":false,"showFlares":true,"showImageEffects":true,"showParticleSystems":true},"in2DMode":false,"pivot":{"x":-3.583204984664917,"y":0.39007601141929629,"z":-0.2864593267440796},"rotation":{"x":0.42934563755989077,"y":-0.5572215914726257,"z":0.4139818847179413,"w":0.577824592590332},"size":0.8655477166175842,"orthographic":false}