{"cameraMode":{"drawMode":0,"name":"Shaded","section":"Shading Mode"},"sceneLighting":false,"audioPlay":false,"sceneViewState":{"showFog":true,"showMaterialUpdate":true,"showSkybox":false,"showFlares":true,"showImageEffects":true,"showParticleSystems":true},"in2DMode":false,"pivot":{"x":-3.6649680137634279,"y":0.7699699997901917,"z":0.25358518958091738},"rotation":{"x":0.14570118486881257,"y":0.8415576815605164,"z":-0.27987244725227358,"w":0.43853628635406496},"size":27.598573684692384,"orthographic":false}