{"cameraMode":{"drawMode":0,"name":"Shaded","section":"Shading Mode"},"sceneLighting":false,"audioPlay":false,"sceneViewState":{"showFog":true,"showMaterialUpdate":true,"showSkybox":false,"showFlares":true,"showImageEffects":true,"showParticleSystems":true},"in2DMode":false,"pivot":{"x":-4.959402084350586,"y":-0.6460269689559937,"z":-2.268235206604004},"rotation":{"x":0.2521686255931854,"y":0.024090006947517396,"z":-0.006280963309109211,"w":0.9673674702644348},"size":3.5405731201171877,"orthographic":false}