{"cameraMode":{"drawMode":0,"name":"Shaded","section":"Shading Mode"},"sceneLighting":true,"audioPlay":false,"sceneViewState":{"showFog":true,"showMaterialUpdate":true,"showSkybox":true,"showFlares":true,"showImageEffects":true,"showParticleSystems":true},"in2DMode":false,"pivot":{"x":-4.603975296020508,"y":-14.255577087402344,"z":11.441083908081055},"rotation":{"x":-0.3101140558719635,"y":0.09082701057195664,"z":-0.029770633205771447,"w":-0.9459221363067627},"size":21.923166275024415,"orthographic":false}