{"cameraMode":{"drawMode":0,"name":"Shaded","section":"Shading Mode"},"sceneLighting":true,"audioPlay":false,"sceneViewState":{"showFog":true,"showMaterialUpdate":true,"showSkybox":true,"showFlares":true,"showImageEffects":true,"showParticleSystems":true},"in2DMode":false,"pivot":{"x":-129.82736206054688,"y":-41.898719787597659,"z":-23.24884796142578},"rotation":{"x":-0.13693320751190186,"y":0.8458071947097778,"z":-0.26027584075927737,"w":-0.4451867938041687},"size":44.84079360961914,"orthographic":false}