{"cameraMode":{"drawMode":0,"name":"Shaded","section":"Shading Mode"},"sceneLighting":false,"audioPlay":false,"sceneViewState":{"showFog":true,"showMaterialUpdate":true,"showSkybox":false,"showFlares":true,"showImageEffects":true,"showParticleSystems":true},"in2DMode":false,"pivot":{"x":-4.247515678405762,"y":2.6030545234680177,"z":-3.1995320320129396},"rotation":{"x":-0.12185139209032059,"y":0.8667084574699402,"z":-0.4090910851955414,"w":-0.25816747546195986},"size":0.8660253882408142,"orthographic":false}