{"cameraMode":{"drawMode":0,"name":"Shaded","section":"Shading Mode"},"sceneLighting":false,"audioPlay":false,"sceneViewState":{"showFog":true,"showMaterialUpdate":false,"showSkybox":false,"showFlares":true,"showImageEffects":true,"showParticleSystems":true},"in2DMode":false,"pivot":{"x":-0.18362414836883546,"y":1.375,"z":-4.310898780822754},"rotation":{"x":0.1437876969575882,"y":0.7047228217124939,"z":-0.14932632446289063,"w":0.678557276725769},"size":3.9068498611450197,"orthographic":false}