{"cameraMode":{"drawMode":0,"name":"Shaded","section":"Shading Mode"},"sceneLighting":true,"audioPlay":false,"sceneViewState":{"showFog":true,"showMaterialUpdate":true,"showSkybox":true,"showFlares":true,"showImageEffects":true,"showParticleSystems":true},"in2DMode":false,"pivot":{"x":-9.626823425292969,"y":-39.41086959838867,"z":20.1402530670166},"rotation":{"x":-0.5038478374481201,"y":-0.0024784840643405916,"z":0.0013972728047519923,"w":-0.8638830184936523},"size":40.9659423828125,"orthographic":false}