{"cameraMode":{"drawMode":0,"name":"Shaded","section":"Shading Mode"},"sceneLighting":false,"audioPlay":false,"sceneViewState":{"showFog":true,"showMaterialUpdate":true,"showSkybox":false,"showFlares":true,"showImageEffects":true,"showParticleSystems":true},"in2DMode":false,"pivot":{"x":-13.695916175842286,"y":-0.5351928472518921,"z":-26.553260803222658},"rotation":{"x":0.01148479524999857,"y":0.987410306930542,"z":-0.08552542328834534,"w":0.13260361552238465},"size":15.657320022583008,"orthographic":false}