{"cameraMode":{"drawMode":0,"name":"Shaded","section":"Shading Mode"},"sceneLighting":true,"audioPlay":false,"sceneViewState":{"showFog":true,"showMaterialUpdate":true,"showSkybox":true,"showFlares":true,"showImageEffects":true,"showParticleSystems":true},"in2DMode":false,"pivot":{"x":2.2918436527252199,"y":-7.590627193450928,"z":14.86623764038086},"rotation":{"x":0.16009736061096192,"y":0.01703517511487007,"z":-0.0027375170029699804,"w":0.9870202541351318},"size":14.113603591918946,"orthographic":false}